{
  "Dashzegve AMARBAYASGALAN": {
    "total": 16744,
    "news": 46,
    "facebook": 16384,
    "twitter": 314,
    "sentiment": {
      "overall": 0.49866399904443365,
      "news": 0.4895652173913043,
      "facebook": 0.5002612304687498,
      "twitter": 0.416656050955414
    }
  },
  "Khurelbaatar BULGANTUYA": {
    "total": 18911,
    "news": 27,
    "facebook": 18631,
    "twitter": 253,
    "sentiment": {
      "overall": 0.5012030035429106,
      "news": 0.42666666666666664,
      "facebook": 0.5018372604798444,
      "twitter": 0.46245059288537554
    }
  },
  "NOROV ALTANKHUYAG": {
    "total": 15059,
    "news": 31,
    "facebook": 14851,
    "twitter": 177,
    "sentiment": {
      "overall": 0.5056139185868916,
      "news": 0.5777419354838711,
      "facebook": 0.5042259780486164,
      "twitter": 0.6094350282485876
    }
  },
  "SAINBUYAN AMARSAIKHAN": {
    "total": 17926,
    "news": 44,
    "facebook": 17665,
    "twitter": 217,
    "sentiment": {
      "overall": 0.49581167019970873,
      "news": 0.478181818181818,
      "facebook": 0.49501047268610116,
      "twitter": 0.5646082949308754
    }
  },
  "TELUKHAN AUBAKIR": {
    "total": 15304,
    "news": 40,
    "facebook": 14984,
    "twitter": 280,
    "sentiment": {
      "overall": 0.5005005227391535,
      "news": 0.44924999999999987,
      "facebook": 0.5000427122263751,
      "twitter": 0.5323214285714286
    }
  },
  "ENKHTAIVAN BAT-AMGALAN": {
    "total": 15390,
    "news": 35,
    "facebook": 15159,
    "twitter": 196,
    "sentiment": {
      "overall": 0.5012930474333985,
      "news": 0.5105714285714286,
      "facebook": 0.5017171317369222,
      "twitter": 0.46683673469387754
    }
  },
  "Jadamba BAT-ERDENE": {
    "total": 18408,
    "news": 37,
    "facebook": 18179,
    "twitter": 192,
    "sentiment": {
      "overall": 0.5035582355497624,
      "news": 0.5308108108108105,
      "facebook": 0.5025699983497458,
      "twitter": 0.5918749999999998
    }
  },
  "JIGJID BATJARGAL": {
    "total": 14977,
    "news": 40,
    "facebook": 14528,
    "twitter": 409,
    "sentiment": {
      "overall": 0.4977131601789403,
      "news": 0.5080000000000002,
      "facebook": 0.4987617015418495,
      "twitter": 0.4594621026894866
    }
  }
}