{
  "Economic Policy": {
    "total": 228,
    "news": 48,
    "facebook": 164,
    "twitter": 16,
    "sentiment": {
      "overall": 0.4951315789473681,
      "news": 0.48499999999999993,
      "facebook": 0.5099390243902434,
      "twitter": 0.3737500000000001
    }
  },
  "Healthcare Reform": {
    "total": 230,
    "news": 27,
    "facebook": 190,
    "twitter": 13,
    "sentiment": {
      "overall": 0.489,
      "news": 0.42666666666666664,
      "facebook": 0.4993684210526316,
      "twitter": 0.466923076923077
    }
  },
  "Environmental Protection": {
    "total": 183,
    "news": 30,
    "facebook": 145,
    "twitter": 8,
    "sentiment": {
      "overall": 0.5277595628415304,
      "news": 0.5786666666666668,
      "facebook": 0.5113103448275866,
      "twitter": 0.6349999999999999
    }
  },
  "Foreign Relations": {
    "total": 236,
    "news": 45,
    "facebook": 180,
    "twitter": 11,
    "sentiment": {
      "overall": 0.47779661016949154,
      "news": 0.47977777777777764,
      "facebook": 0.4727777777777779,
      "twitter": 0.5518181818181818
    }
  },
  "Budget Debate": {
    "total": 201,
    "news": 39,
    "facebook": 148,
    "twitter": 14,
    "sentiment": {
      "overall": 0.4653731343283581,
      "news": 0.4358974358974358,
      "facebook": 0.4714864864864863,
      "twitter": 0.48285714285714293
    }
  },
  "Education Reform": {
    "total": 193,
    "news": 36,
    "facebook": 148,
    "twitter": 9,
    "sentiment": {
      "overall": 0.4917616580310879,
      "news": 0.5233333333333334,
      "facebook": 0.48966216216216196,
      "twitter": 0.4
    }
  },
  "Digital Transformation": {
    "total": 230,
    "news": 37,
    "facebook": 184,
    "twitter": 9,
    "sentiment": {
      "overall": 0.518695652173913,
      "news": 0.5308108108108105,
      "facebook": 0.5065760869565217,
      "twitter": 0.7166666666666666
    }
  },
  "Cultural Heritage": {
    "total": 199,
    "news": 38,
    "facebook": 141,
    "twitter": 20,
    "sentiment": {
      "overall": 0.5012060301507538,
      "news": 0.5147368421052634,
      "facebook": 0.5007801418439717,
      "twitter": 0.4784999999999999
    }
  }
}